Date,Pond,Species,Number of exuviae,collection duration,emergence rate,,,,,,,,,,,,,
5/12/17,Elephant,A. canadensis,,,ND,,,,,,,,,,,,,
5/12/17,Fishless,A. canadensis,,,ND,,,,,,,,,,,,,
5/12/17,Railtracks,A. canadensis,,,ND,,,,,,,,,,,,,
5/15/17,Elephant,A. canadensis,,,ND,,,,,,,,,,,,,
5/15/17,Fishless,A. canadensis,,,ND,,,,,,,,,,,,,
5/15/17,Railtracks,A. canadensis,,,ND,,,,,,,,,,,,,
5/17/17,Elephant,A. canadensis,,,ND,,,,,,,,,,,,,
5/17/17,Fishless,A. canadensis,,,ND,,,,,,,,,,,,,
5/17/17,Railtracks,A. canadensis,,,ND,,,,,,,,,,,,,
5/18/17,Elephant,A. canadensis,,,ND,,,,,,,,,,,,,
5/18/17,Fishless,A. canadensis,,,ND,,,,,,,,,,,,,
5/18/17,Railtracks,A. canadensis,,,ND,,,,,,,,,,,,,
5/19/17,Elephant,A. canadensis,,,ND,,,,,,,,,,,,,
5/19/17,Fishless,A. canadensis,,,ND,,,,,,,,,,,,,
5/19/17,Railtracks,A. canadensis,,,ND,,,,,,,,,,,,,
5/22/17,Elephant,A. canadensis,,,0.133333333,,,,,,,,,,,,,
5/22/17,Fishless,A. canadensis,,,0.133333333,,,,,,,,,,,,,
5/22/17,Railtracks,A. canadensis,,,0.133333333,,,,,,,,,,,,,
5/24/17,Elephant,A. canadensis,,,0.266666667,,,,,,,,,,,,,
5/24/17,Fishless,A. canadensis,,,0.266666667,,,,,,,,,,,,,
5/24/17,Railtracks,A. canadensis,,,0.266666667,,,,,,,,,,,,,
5/26/17,Elephant,A. canadensis,,,0.114285714,,,,,,,,,,,,,
5/26/17,Fishless,A. canadensis,,,0.114285714,,,,,,,,,,,,,
5/26/17,Railtracks,A. canadensis,,,0.114285714,,,,,,,,,,,,,
5/29/17,Elephant,A. canadensis,,,0.383333333,,,,,,,,,,,,,
5/29/17,Fishless,A. canadensis,,,0.383333333,,,,,,,,,,,,,
5/29/17,Railtracks,A. canadensis,,,0.383333333,,,,,,,,,,,,,
5/31/17,Elephant,A. canadensis,,,0.15,,,,,,,,,,,,,
5/31/17,Fishless,A. canadensis,,,0.15,,,,,,,,,,,,,
5/31/17,Railtracks,A. canadensis,,,0.15,,,,,,,,,,,,,
6/2/17,Elephant,A. canadensis,,,0.111111111,,,,,,,,,,,,,
6/2/17,Fishless,A. canadensis,,,0.111111111,,,,,,,,,,,,,
6/2/17,Railtracks,A. canadensis,,,0.111111111,,,,,,,,,,,,,
6/5/17,Elephant,A. canadensis,,,0.144444444,,,,,,,,,,,,,
6/5/17,Fishless,A. canadensis,,,0.144444444,,,,,,,,,,,,,
6/5/17,Railtracks,A. canadensis,,,0.144444444,,,,,,,,,,,,,
6/7/17,Elephant,A. canadensis,,,0.106666667,,,,,,,,,,,,,
6/7/17,Fishless,A. canadensis,,,0.106666667,,,,,,,,,,,,,
6/7/17,Railtracks,A. canadensis,,,0.106666667,,,,,,,,,,,,,
6/9/17,Elephant,A. canadensis,,,0.077777778,,,,,,,,,,,,,
6/9/17,Fishless,A. canadensis,,,0.077777778,,,,,,,,,,,,,
6/9/17,Railtracks,A. canadensis,,,0.077777778,,,,,,,,,,,,,
6/12/17,Elephant,A. canadensis,,,0.122222222,,,,,,,,,,,,,
6/12/17,Fishless,A. canadensis,,,0.122222222,,,,,,,,,,,,,
6/12/17,Railtracks,A. canadensis,,,0.122222222,,,,,,,,,,,,,
6/14/17,Elephant,A. canadensis,,,0.077777778,,,,,,,,,,,,,
6/14/17,Fishless,A. canadensis,,,0.077777778,,,,,,,,,,,,,
6/14/17,Railtracks,A. canadensis,,,0.077777778,,,,,,,,,,,,,
6/16/17,Elephant,A. canadensis,,,0.055555556,,,,,,,,,,,,,
6/16/17,Fishless,A. canadensis,,,0.055555556,,,,,,,,,,,,,
6/16/17,Railtracks,A. canadensis,,,0.055555556,,,,,,,,,,,,,
6/20/17,Elephant,A. canadensis,,,0.088888889,,,,,,,,,,,,,
6/20/17,Fishless,A. canadensis,,,0.088888889,,,,,,,,,,,,,
6/20/17,Railtracks,A. canadensis,,,0.088888889,,,,,,,,,,,,,
6/21/17,Elephant,A. canadensis,,,0.032608696,,,,,,,,,,,,,
6/21/17,Fishless,A. canadensis,,,0.032608696,,,,,,,,,,,,,
6/21/17,Railtracks,A. canadensis,,,0.032608696,,,,,,,,,,,,,
6/23/17,Elephant,A. canadensis,,,0.044444444,,,,,,,,,,,,,
6/23/17,Fishless,A. canadensis,,,0.044444444,,,,,,,,,,,,,
6/23/17,Railtracks,A. canadensis,,,0.044444444,,,,,,,,,,,,,
6/26/17,Elephant,A. canadensis,,,0,,,,,,,,,,,,,
6/26/17,Fishless,A. canadensis,,,0,,,,,,,,,,,,,
6/26/17,Railtracks,A. canadensis,,,0,,,,,,,,,,,,,
6/27/17,Elephant,A. canadensis,,,0,,,,,,,,,,,,,
6/27/17,Fishless,A. canadensis,,,0,,,,,,,,,,,,,
6/27/17,Railtracks,A. canadensis,,,0,,,,,,,,,,,,,
6/29/17,Elephant,A. canadensis,,,0,,,,,,,,,,,,,
6/29/17,Fishless,A. canadensis,,,0,,,,,,,,,,,,,
6/29/17,Railtracks,A. canadensis,,,0,,,,,,,,,,,,,
7/3/17,Elephant,A. canadensis,,,0,,,,,,,,,,,,,
7/3/17,Fishless,A. canadensis,,,0,,,,,,,,,,,,,
7/3/17,Railtracks,A. canadensis,,,0,,,,,,,,,,,,,
7/5/17,Elephant,A. canadensis,,,0,,,,,,,,,,,,,
7/5/17,Fishless,A. canadensis,,,0,,,,,,,,,,,,,
7/5/17,Railtracks,A. canadensis,,,0,,,,,,,,,,,,,
7/7/17,Elephant,A. canadensis,,,0,,,,,,,,,,,,,
7/7/17,Fishless,A. canadensis,,,0,,,,,,,,,,,,,
7/7/17,Railtracks,A. canadensis,,,0,,,,,,,,,,,,,
7/10/17,Elephant,A. canadensis,,,0,,,,,,,,,,,,,
7/10/17,Fishless,A. canadensis,,,0,,,,,,,,,,,,,
7/10/17,Railtracks,A. canadensis,,,0,,,,,,,,,,,,,
7/11/17,Elephant,A. canadensis,,,0,,,,,,,,,,,,,
7/11/17,Fishless,A. canadensis,,,0,,,,,,,,,,,,,
7/11/17,Railtracks,A. canadensis,,,0,,,,,,,,,,,,,
7/14/17,Elephant,A. canadensis,,,0,,,,,,,,,,,,,
7/14/17,Fishless,A. canadensis,,,0,,,,,,,,,,,,,
7/14/17,Railtracks,A. canadensis,,,0,,,,,,,,,,,,,
7/17/17,Elephant,A. canadensis,,,0,,,,,,,,,,,,,
7/17/17,Fishless,A. canadensis,,,0,,,,,,,,,,,,,
7/17/17,Railtracks,A. canadensis,,,0,,,,,,,,,,,,,
7/19/17,Elephant,A. canadensis,,,0,,,,,,,,,,,,,
7/19/17,Fishless,A. canadensis,,,0,,,,,,,,,,,,,
7/19/17,Railtracks,A. canadensis,,,0,,,,,,,,,,,,,
7/20/17,Elephant,A. canadensis,,,0,,,,,,,,,,,,,
7/20/17,Fishless,A. canadensis,,,0,,,,,,,,,,,,,
7/20/17,Railtracks,A. canadensis,,,0,,,,,,,,,,,,,
7/24/17,Elephant,A. canadensis,,,0,,,,,,,,,,,,,
7/24/17,Fishless,A. canadensis,,,0,,,,,,,,,,,,,
7/24/17,Railtracks,A. canadensis,,,0,,,,,,,,,,,,,
7/27/17,Elephant,A. canadensis,,,0,,,,,,,,,,,,,
7/27/17,Fishless,A. canadensis,,,0,,,,,,,,,,,,,
7/27/17,Railtracks,A. canadensis,,,0,,,,,,,,,,,,,
7/28/17,Elephant,A. canadensis,,,0,,,,,,,,,,,,,
7/28/17,Fishless,A. canadensis,,,0,,,,,,,,,,,,,
7/28/17,Railtracks,A. canadensis,,,0,,,,,,,,,,,,,
7/31/17,Elephant,A. canadensis,,,0,,,,,,,,,,,,,
7/31/17,Fishless,A. canadensis,,,0,,,,,,,,,,,,,
7/31/17,Railtracks,A. canadensis,,,0,,,,,,,,,,,,,
8/2/17,Elephant,A. canadensis,,,0,,,,,,,,,,,,,
8/2/17,Fishless,A. canadensis,,,0,,,,,,,,,,,,,
8/2/17,Railtracks,A. canadensis,,,0,,,,,,,,,,,,,
8/4/17,Elephant,A. canadensis,,,0,,,,,,,,,,,,,
8/4/17,Fishless,A. canadensis,,,0,,,,,,,,,,,,,
8/4/17,Railtracks,A. canadensis,,,0,,,,,,,,,,,,,
8/7/17,Elephant,A. canadensis,,,0,,,,,,,,,,,,,
8/7/17,Fishless,A. canadensis,,,0,,,,,,,,,,,,,
8/7/17,Railtracks,A. canadensis,,,0,,,,,,,,,,,,,
8/8/17,Elephant,A. canadensis,,,0,,,,,,,,,,,,,
8/8/17,Fishless,A. canadensis,,,0,,,,,,,,,,,,,
8/8/17,Railtracks,A. canadensis,,,0,,,,,,,,,,,,,
8/11/17,Elephant,A. canadensis,,,0,,,,,,,,,,,,,
8/11/17,Fishless,A. canadensis,,,0,,,,,,,,,,,,,
8/11/17,Railtracks,A. canadensis,,,0,,,,,,,,,,,,,
8/15/17,Elephant,A. canadensis,,,0,,,,,,,,,,,,,
8/15/17,Fishless,A. canadensis,,,0,,,,,,,,,,,,,
8/15/17,Railtracks,A. canadensis,,,0,,,,,,,,,,,,,
8/17/17,Elephant,A. canadensis,,,0,,,,,,,,,,,,,
8/17/17,Fishless,A. canadensis,,,0,,,,,,,,,,,,,
8/17/17,Railtracks,A. canadensis,,,0,,,,,,,,,,,,,
8/18/17,Elephant,A. canadensis,,,0,,,,,,,,,,,,,
8/18/17,Fishless,A. canadensis,,,0,,,,,,,,,,,,,
8/18/17,Railtracks,A. canadensis,,,0,,,,,,,,,,,,,
8/21/17,Elephant,A. canadensis,,,0,,,,,,,,,,,,,
8/21/17,Fishless,A. canadensis,,,0,,,,,,,,,,,,,
8/21/17,Railtracks,A. canadensis,,,0,,,,,,,,,,,,,
8/23/17,Elephant,A. canadensis,,,0,,,,,,,,,,,,,
8/23/17,Fishless,A. canadensis,,,0,,,,,,,,,,,,,
8/23/17,Railtracks,A. canadensis,,,0,,,,,,,,,,,,,
8/25/17,Elephant,A. canadensis,,,0,,,,,,,,,,,,,
8/25/17,Fishless,A. canadensis,,,0,,,,,,,,,,,,,
8/25/17,Railtracks,A. canadensis,,,0,,,,,,,,,,,,,
5/21/18,Elephant,A. canadensis,0,120,0,,,,,,,,,,,,,
5/21/18,Fishless,A. canadensis,0,70,0,,,,,,,,,,,,,
5/21/18,Railtracks,A. canadensis,0,120,0,,,,,,,,,,,,,
5/22/18,Elephant,A. canadensis,0,120,0,,,,,,,,,,,,,
5/22/18,Fishless,A. canadensis,0,70,0,,,,,,,,,,,,,
5/22/18,Railtracks,A. canadensis,0,60,0,,,,,,,,,,,,,
5/23/18,Elephant,A. canadensis,0,60,0,,,,,,,,,,,,,
5/23/18,Fishless,A. canadensis,0,60,0,,,,,,,,,,,,,
5/23/18,Railtracks,A. canadensis,0,60,0,,,,,,,,,,,,,
5/25/18,Elephant,A. canadensis,0,120,0,,,,,,,,,,,,,
5/25/18,Fishless,A. canadensis,0,120,0,,,,,,,,,,,,,
5/25/18,Railtracks,A. canadensis,0,120,0,,,,,,,,,,,,,
5/29/18,Elephant,A. canadensis,1,60,0.016666667,,,,,,,,,,,,,
5/29/18,Fishless,A. canadensis,12,120,0.1,,,,,,,,,,,,,
5/29/18,Railtracks,A. canadensis,0,120,0,,,,,,,,,,,,,
5/31/18,Elephant,A. canadensis,6,120,0.05,,,,,,,,,,,,,
5/31/18,Fishless,A. canadensis,17,120,0.141666667,,,,,,,,,,,,,
5/31/18,Railtracks,A. canadensis,20,120,0.166666667,,,,,,,,,,,,,
6/1/18,Elephant,A. canadensis,4,120,0.033333333,,,,,,,,,,,,,
6/1/18,Fishless,A. canadensis,45,120,0.375,,,,,,,,,,,,,
6/1/18,Railtracks,A. canadensis,20,120,0.166666667,,,,,,,,,,,,,
6/4/18,Elephant,A. canadensis,15,120,0.125,,,,,,,,,,,,,
6/4/18,Fishless,A. canadensis,102,120,0.85,,,,,,,,,,,,,
6/4/18,Railtracks,A. canadensis,34,120,0.283333333,,,,,,,,,,,,,
6/5/18,Elephant,A. canadensis,42,120,0.35,,,,,,,,,,,,,
6/5/18,Fishless,A. canadensis,76,120,0.633333333,,,,,,,,,,,,,
6/5/18,Railtracks,A. canadensis,14,120,0.116666667,,,,,,,,,,,,,
6/7/18,Elephant,A. canadensis,90,120,0.75,,,,,,,,,,,,,
6/7/18,Fishless,A. canadensis,116,120,0.966666667,,,,,,,,,,,,,
6/7/18,Railtracks,A. canadensis,38,120,0.316666667,,,,,,,,,,,,,
6/11/18,Elephant,A. canadensis,45,120,0.375,,,,,,,,,,,,,
6/11/18,Fishless,A. canadensis,41,120,0.341666667,,,,,,,,,,,,,
6/11/18,Railtracks,A. canadensis,13,120,0.108333333,,,,,,,,,,,,,
6/13/18,Elephant,A. canadensis,7,24,0.291666667,,,,,,,,,,,,,
6/13/18,Fishless,A. canadensis,ND,0,#VALUE!,,,,,,,,,,,,,
6/13/18,Railtracks,A. canadensis,ND,0,#VALUE!,,,,,,,,,,,,,
6/14/18,Elephant,A. canadensis,14,66,0.212121212,,,,,,,,,,,,,
6/14/18,Fishless,A. canadensis,24,90,0.266666667,,,,,,,,,,,,,
6/14/18,Railtracks,A. canadensis,32,90,0.355555556,,,,,,,,,,,,,
6/15/18,Elephant,A. canadensis,16,60,0.266666667,,,,,,,,,,,,,
6/15/18,Fishless,A. canadensis,12,60,0.2,,,,,,,,,,,,,
6/15/18,Railtracks,A. canadensis,6,60,0.1,,,,,,,,,,,,,
6/19/18,Elephant,A. canadensis,23,90,0.255555556,,,,,,,,,,,,,
6/19/18,Fishless,A. canadensis,76,120,0.633333333,,,,,,,,,,,,,
6/19/18,Railtracks,A. canadensis,15,90,0.166666667,,,,,,,,,,,,,
6/21/18,Elephant,A. canadensis,20,90,0.222222222,,,,,,,,,,,,,
6/21/18,Fishless,A. canadensis,46,90,0.511111111,,,,,,,,,,,,,
6/21/18,Railtracks,A. canadensis,14,90,0.155555556,,,,,,,,,,,,,
6/22/18,Elephant,A. canadensis,16,90,0.177777778,,,,,,,,,,,,,
6/22/18,Fishless,A. canadensis,56,90,0.622222222,,,,,,,,,,,,,
6/22/18,Railtracks,A. canadensis,6,90,0.066666667,,,,,,,,,,,,,
6/25/18,Elephant,A. canadensis,5,90,0.055555556,,,,,,,,,,,,,
6/25/18,Fishless,A. canadensis,34,90,0.377777778,,,,,,,,,,,,,
6/25/18,Railtracks,A. canadensis,8,90,0.088888889,,,,,,,,,,,,,
6/27/18,Elephant,A. canadensis,2,90,0.022222222,,,,,,,,,,,,,
6/27/18,Fishless,A. canadensis,14,90,0.155555556,,,,,,,,,,,,,
6/27/18,Railtracks,A. canadensis,5,90,0.055555556,,,,,,,,,,,,,
7/2/18,Elephant,A. canadensis,3,90,0.033333333,,,,,,,,,,,,,
7/2/18,Fishless,A. canadensis,6,90,0.066666667,,,,,,,,,,,,,
7/2/18,Railtracks,A. canadensis,0,90,0,,,,,,,,,,,,,
7/3/18,Elephant,A. canadensis,3,90,0.033333333,,,,,,,,,,,,,
7/3/18,Fishless,A. canadensis,4,90,0.044444444,,,,,,,,,,,,,
7/3/18,Railtracks,A. canadensis,0,90,0,,,,,,,,,,,,,
7/6/18,Elephant,A. canadensis,1,90,0.011111111,,,,,,,,,,,,,
7/6/18,Fishless,A. canadensis,3,90,0.033333333,,,,,,,,,,,,,
7/6/18,Railtracks,A. canadensis,0,90,0,,,,,,,,,,,,,
7/9/18,Elephant,A. canadensis,3,90,0.033333333,,,,,,,,,,,,,
7/9/18,Fishless,A. canadensis,0,90,0,,,,,,,,,,,,,
7/9/18,Railtracks,A. canadensis,0,90,0,,,,,,,,,,,,,
7/11/18,Elephant,A. canadensis,0,90,0,,,,,,,,,,,,,
7/11/18,Fishless,A. canadensis,1,90,0.011111111,,,,,,,,,,,,,
7/11/18,Railtracks,A. canadensis,1,90,0.011111111,,,,,,,,,,,,,
7/13/18,Elephant,A. canadensis,1,90,0.011111111,,,,,,,,,,,,,
7/13/18,Fishless,A. canadensis,0,90,0,,,,,,,,,,,,,
7/13/18,Railtracks,A. canadensis,1,90,0.011111111,,,,,,,,,,,,,
7/16/18,Elephant,A. canadensis,0,90,0,,,,,,,,,,,,,
7/16/18,Fishless,A. canadensis,1,90,0.011111111,,,,,,,,,,,,,
7/16/18,Railtracks,A. canadensis,0,90,0,,,,,,,,,,,,,
7/18/18,Elephant,A. canadensis,0,90,0,,,,,,,,,,,,,
7/18/18,Fishless,A. canadensis,0,90,0,,,,,,,,,,,,,
7/18/18,Railtracks,A. canadensis,0,90,0,,,,,,,,,,,,,
7/23/18,Elephant,A. canadensis,0,90,0,,,,,,,,,,,,,
7/23/18,Fishless,A. canadensis,0,90,0,,,,,,,,,,,,,
7/23/18,Railtracks,A. canadensis,0,90,0,,,,,,,,,,,,,
7/26/18,Elephant,A. canadensis,1,90,0.011111111,,,,,,,,,,,,,
7/26/18,Fishless,A. canadensis,0,90,0,,,,,,,,,,,,,
7/26/18,Railtracks,A. canadensis,2,90,0.022222222,,,,,,,,,,,,,
7/27/18,Elephant,A. canadensis,0,90,0,,,,,,,,,,,,,
7/27/18,Fishless,A. canadensis,0,90,0,,,,,,,,,,,,,
7/27/18,Railtracks,A. canadensis,0,90,0,,,,,,,,,,,,,
7/31/18,Elephant,A. canadensis,ND,ND,#VALUE!,,,,,,,,,,,,,
7/31/18,Fishless,A. canadensis,0,90,0,,,,,,,,,,,,,
7/31/18,Railtracks,A. canadensis,ND,ND,#VALUE!,,,,,,,,,,,,,
8/1/18,Elephant,A. canadensis,1,90,0.011111111,,,,,,,,,,,,,
8/1/18,Fishless,A. canadensis,0,15,0,,,,,,,,,,,,,
8/1/18,Railtracks,A. canadensis,1,90,0.011111111,,,,,,,,,,,,,
8/6/18,Elephant,A. canadensis,0,90,0,,,,,,,,,,,,,
8/6/18,Fishless,A. canadensis,0,90,0,,,,,,,,,,,,,
8/6/18,Railtracks,A. canadensis,0,90,0,,,,,,,,,,,,,
8/8/18,Elephant,A. canadensis,0,90,0,,,,,,,,,,,,,
8/8/18,Fishless,A. canadensis,0,90,0,,,,,,,,,,,,,
8/8/18,Railtracks,A. canadensis,0,90,0,,,,,,,,,,,,,
8/13/18,Elephant,A. canadensis,0,90,0,,,,,,,,,,,,,
8/13/18,Fishless,A. canadensis,0,90,0,,,,,,,,,,,,,
8/13/18,Railtracks,A. canadensis,0,90,0,,,,,,,,,,,,,
8/15/18,Elephant,A. canadensis,0,90,0,,,,,,,,,,,,,
8/15/18,Fishless,A. canadensis,0,90,0,,,,,,,,,,,,,
8/15/18,Railtracks,A. canadensis,0,90,0,,,,,,,,,,,,,
8/21/18,Elephant,A. canadensis,0,90,0,,,,,,,,,,,,,
8/21/18,Fishless,A. canadensis,0,90,0,,,,,,,,,,,,,
8/21/18,Railtracks,A. canadensis,0,90,0,,,,,,,,,,,,,
8/23/18,Elephant,A. canadensis,0,45,0,,,,,,,,,,,,,
8/23/18,Fishless,A. canadensis,0,90,0,,,,,,,,,,,,,
8/23/18,Railtracks,A. canadensis,0,90,0,,,,,,,,,,,,,
9/10/18,Fishless,A. canadensis,0,ND,#VALUE!,,,,,,,,,,,,,
9/10/18,Railtracks,A. canadensis,0,ND,#VALUE!,,,,,,,,,,,,,
5/16/19,Elephant,A. canadensis,0,90,0,,,,,,,,,,,,,
5/16/19,Fishless,A. canadensis,0,90,0,,,,,,,,,,,,,
5/16/19,Railtracks,A. canadensis,0,90,0,,,,,,,,,,,,,
5/22/19,Elephant,A. canadensis,0,90,0,,,,,,,,,,,,,
5/22/19,Fishless,A. canadensis,0,90,0,,,,,,,,,,,,,
5/22/19,Railtracks,A. canadensis,0,90,0,,,,,,,,,,,,,
5/24/19,Elephant,A. canadensis,0,90,0,,,,,,,,,,,,,
5/24/19,Fishless,A. canadensis,0,90,0,,,,,,,,,,,,,
5/24/19,Railtracks,A. canadensis,0,90,0,,,,,,,,,,,,,
5/29/19,Elephant,A. canadensis,0,90,0,,,,,,,,,,,,,
5/29/19,Fishless,A. canadensis,0,90,0,,,,,,,,,,,,,
5/29/19,Railtracks,A. canadensis,0,90,0,,,,,,,,,,,,,
5/30/19,Elephant,A. canadensis,0,90,0,,,,,,,,,,,,,
5/30/19,Fishless,A. canadensis,0,90,0,,,,,,,,,,,,,
5/30/19,Railtracks,A. canadensis,0,90,0,,,,,,,,,,,,,
5/31/19,Elephant,A. canadensis,0,90,0,,,,,,,,,,,,,
5/31/19,Fishless,A. canadensis,0,90,0,,,,,,,,,,,,,
5/31/19,Railtracks,A. canadensis,0,90,0,,,,,,,,,,,,,
6/3/19,Elephant,A. canadensis,0,90,0,,,,,,,,,,,,,
6/3/19,Fishless,A. canadensis,0,90,0,,,,,,,,,,,,,
6/3/19,Railtracks,A. canadensis,0,90,0,,,,,,,,,,,,,
6/5/19,Elephant,A. canadensis,0,90,0,,,,,,,,,,,,,
6/5/19,Fishless,A. canadensis,0,90,0,,,,,,,,,,,,,
6/5/19,Railtracks,A. canadensis,0,90,0,,,,,,,,,,,,,
6/7/19,Elephant,A. canadensis,8,60,0.133333333,,,,,,,,,,,,,
6/7/19,Fishless,A. canadensis,0,60,0,,,,,,,,,,,,,
6/7/19,Railtracks,A. canadensis,0,60,0,,,,,,,,,,,,,
6/10/19,Elephant,A. canadensis,7,90,0.077777778,,,,,,,,,,,,,
6/10/19,Fishless,A. canadensis,1,90,0.011111111,,,,,,,,,,,,,
6/10/19,Railtracks,A. canadensis,1,90,0.011111111,,,,,,,,,,,,,
6/12/19,Elephant,A. canadensis,31,90,0.344444444,,,,,,,,,,,,,
6/12/19,Fishless,A. canadensis,16,90,0.177777778,,,,,,,,,,,,,
6/12/19,Railtracks,A. canadensis,3,90,0.033333333,,,,,,,,,,,,,
6/14/19,Elephant,A. canadensis,52,90,0.577777778,,,,,,,,,,,,,
6/14/19,Fishless,A. canadensis,13,90,0.144444444,,,,,,,,,,,,,
6/14/19,Railtracks,A. canadensis,4,90,0.044444444,,,,,,,,,,,,,
6/16/19,Elephant,A. canadensis,54,90,0.6,,,,,,,,,,,,,
6/16/19,Fishless,A. canadensis,33,90,0.366666667,,,,,,,,,,,,,
6/16/19,Railtracks,A. canadensis,2,90,0.022222222,,,,,,,,,,,,,
6/19/19,Elephant,A. canadensis,33,90,0.366666667,,,,,,,,,,,,,
6/19/19,Fishless,A. canadensis,10,90,0.111111111,,,,,,,,,,,,,
6/19/19,Railtracks,A. canadensis,1,90,0.011111111,,,,,,,,,,,,,
6/21/19,Elephant,A. canadensis,34,90,0.377777778,,,,,,,,,,,,,
6/21/19,Fishless,A. canadensis,34,90,0.377777778,,,,,,,,,,,,,
6/21/19,Railtracks,A. canadensis,0,90,0,,,,,,,,,,,,,
6/24/19,Elephant,A. canadensis,22,90,0.244444444,,,,,,,,,,,,,
6/24/19,Fishless,A. canadensis,14,90,0.155555556,,,,,,,,,,,,,
6/24/19,Railtracks,A. canadensis,0,90,0,,,,,,,,,,,,,
6/26/19,Elephant,A. canadensis,8,90,0.088888889,,,,,,,,,,,,,
6/26/19,Fishless,A. canadensis,27,90,0.3,,,,,,,,,,,,,
6/26/19,Railtracks,A. canadensis,0,90,0,,,,,,,,,,,,,
6/28/19,Elephant,A. canadensis,4,90,0.044444444,,,,,,,,,,,,,
6/28/19,Fishless,A. canadensis,11,90,0.122222222,,,,,,,,,,,,,
6/28/19,Railtracks,A. canadensis,1,90,0.011111111,,,,,,,,,,,,,
7/1/19,Elephant,A. canadensis,5,90,0.055555556,,,,,,,,,,,,,
7/1/19,Fishless,A. canadensis,14,90,0.155555556,,,,,,,,,,,,,
7/1/19,Railtracks,A. canadensis,0,90,0,,,,,,,,,,,,,
7/3/19,Elephant,A. canadensis,2,90,0.022222222,,,,,,,,,,,,,
7/3/19,Fishless,A. canadensis,5,90,0.055555556,,,,,,,,,,,,,
7/3/19,Railtracks,A. canadensis,0,90,0,,,,,,,,,,,,,
7/7/19,Elephant,A. canadensis,4,90,0.044444444,,,,,,,,,,,,,
7/7/19,Fishless,A. canadensis,14,90,0.155555556,,,,,,,,,,,,,
7/7/19,Railtracks,A. canadensis,0,90,0,,,,,,,,,,,,,
7/9/19,Elephant,A. canadensis,0,90,0,,,,,,,,,,,,,
7/9/19,Fishless,A. canadensis,4,90,0.044444444,,,,,,,,,,,,,
7/9/19,Railtracks,A. canadensis,0,90,0,,,,,,,,,,,,,
7/10/19,Elephant,A. canadensis,1,90,0.011111111,,,,,,,,,,,,,
7/10/19,Fishless,A. canadensis,3,90,0.033333333,,,,,,,,,,,,,
7/10/19,Railtracks,A. canadensis,0,90,0,,,,,,,,,,,,,
7/12/19,Elephant,A. canadensis,1,90,0.011111111,,,,,,,,,,,,,
7/12/19,Fishless,A. canadensis,3,90,0.033333333,,,,,,,,,,,,,
7/12/19,Railtracks,A. canadensis,0,90,0,,,,,,,,,,,,,
7/15/19,Elephant,A. canadensis,0,90,0,,,,,,,,,,,,,
7/15/19,Fishless,A. canadensis,0,90,0,,,,,,,,,,,,,
7/15/19,Railtracks,A. canadensis,0,90,0,,,,,,,,,,,,,
7/17/19,Elephant,A. canadensis,1,90,0.011111111,,,,,,,,,,,,,
7/17/19,Fishless,A. canadensis,0,90,0,,,,,,,,,,,,,
7/17/19,Railtracks,A. canadensis,0,90,0,,,,,,,,,,,,,
7/19/19,Elephant,A. canadensis,0,90,0,,,,,,,,,,,,,
7/19/19,Fishless,A. canadensis,4,90,0.044444444,,,,,,,,,,,,,
7/19/19,Railtracks,A. canadensis,0,90,0,,,,,,,,,,,,,
7/22/19,Elephant,A. canadensis,0,90,0,,,,,,,,,,,,,
7/22/19,Fishless,A. canadensis,0,90,0,,,,,,,,,,,,,
7/22/19,Railtracks,A. canadensis,0,90,0,,,,,,,,,,,,,
7/25/19,Elephant,A. canadensis,0,90,0,,,,,,,,,,,,,
7/25/19,Fishless,A. canadensis,1,90,0.011111111,,,,,,,,,,,,,
7/25/19,Railtracks,A. canadensis,0,90,0,,,,,,,,,,,,,
7/26/19,Elephant,A. canadensis,0,90,0,,,,,,,,,,,,,
7/26/19,Fishless,A. canadensis,0,90,0,,,,,,,,,,,,,
7/26/19,Railtracks,A. canadensis,0,90,0,,,,,,,,,,,,,
7/29/19,Elephant,A. canadensis,0,60,0,,,,,,,,,,,,,
7/29/19,Fishless,A. canadensis,0,60,0,,,,,,,,,,,,,
7/29/19,Railtracks,A. canadensis,0,60,0,,,,,,,,,,,,,
7/31/19,Elephant,A. canadensis,0,90,0,,,,,,,,,,,,,
7/31/19,Fishless,A. canadensis,0,90,0,,,,,,,,,,,,,
7/31/19,Railtracks,A. canadensis,ND,ND,#VALUE!,,,,,,,,,,,,,
8/2/19,Elephant,A. canadensis,0,90,0,,,,,,,,,,,,,
8/2/19,Fishless,A. canadensis,0,90,0,,,,,,,,,,,,,
8/2/19,Railtracks,A. canadensis,0,90,0,,,,,,,,,,,,,
8/5/19,Elephant,A. canadensis,0,0,#DIV/0!,,,,,,,,,,,,,
8/5/19,Fishless,A. canadensis,0,90,0,,,,,,,,,,,,,
8/5/19,Railtracks,A. canadensis,0,0,#DIV/0!,,,,,,,,,,,,,
8/7/19,Elephant,A. canadensis,0,130,0,,,,,,,,,,,,,
8/7/19,Fishless,A. canadensis,0,90,0,,,,,,,,,,,,,
8/7/19,Railtracks,A. canadensis,0,130,0,,,,,,,,,,,,,
8/9/19,Elephant,A. canadensis,0,90,0,,,,,,,,,,,,,
8/9/19,Fishless,A. canadensis,0,90,0,,,,,,,,,,,,,
8/9/19,Railtracks,A. canadensis,0,90,0,,,,,,,,,,,,,
8/12/19,Elephant,A. canadensis,0,90,0,,,,,,,,,,,,,
8/12/19,Fishless,A. canadensis,2,90,0.022222222,,,,,,,,,,,,,
8/12/19,Railtracks,A. canadensis,0,90,0,,,,,,,,,,,,,
8/14/19,Elephant,A. canadensis,0,90,0,,,,,,,,,,,,,
8/14/19,Fishless,A. canadensis,0,90,0,,,,,,,,,,,,,
8/14/19,Railtracks,A. canadensis,0,90,0,,,,,,,,,,,,,
8/16/19,Elephant,A. canadensis,0,90,0,,,,,,,,,,,,,
8/16/19,Fishless,A. canadensis,0,90,0,,,,,,,,,,,,,
8/16/19,Railtracks,A. canadensis,0,90,0,,,,,,,,,,,,,
8/19/19,Elephant,A. canadensis,0,90,0,,,,,,,,,,,,,
8/19/19,Fishless,A. canadensis,0,90,0,,,,,,,,,,,,,
8/19/19,Railtracks,A. canadensis,0,90,0,,,,,,,,,,,,,
8/21/19,Elephant,A. canadensis,0,90,0,,,,,,,,,,,,,
8/21/19,Fishless,A. canadensis,0,90,0,,,,,,,,,,,,,
8/21/19,Railtracks,A. canadensis,0,90,0,,,,,,,,,,,,,
8/23/19,Elephant,A. canadensis,0,90,0,,,,,,,,,,,,,
8/23/19,Fishless,A. canadensis,0,90,0,,,,,,,,,,,,,
8/23/19,Railtracks,A. canadensis,0,90,0,,,,,,,,,,,,,
5/16/19,Elephant,A. eremita,0,90,0,,,,,,,,,,,,,
5/16/19,Fishless,A. eremita,0,90,0,,,,,,,,,,,,,
5/16/19,Railtracks,A. eremita,0,90,0,,,,,,,,,,,,,
5/22/19,Elephant,A. eremita,0,90,0,,,,,,,,,,,,,
5/22/19,Fishless,A. eremita,0,90,0,,,,,,,,,,,,,
5/22/19,Railtracks,A. eremita,0,90,0,,,,,,,,,,,,,
5/24/19,Elephant,A. eremita,0,90,0,,,,,,,,,,,,,
5/24/19,Fishless,A. eremita,0,90,0,,,,,,,,,,,,,
5/24/19,Railtracks,A. eremita,0,90,0,,,,,,,,,,,,,
5/29/19,Elephant,A. eremita,0,90,0,,,,,,,,,,,,,
5/29/19,Fishless,A. eremita,0,90,0,,,,,,,,,,,,,
5/29/19,Railtracks,A. eremita,0,90,0,,,,,,,,,,,,,
5/30/19,Elephant,A. eremita,0,90,0,,,,,,,,,,,,,
5/30/19,Fishless,A. eremita,0,90,0,,,,,,,,,,,,,
5/30/19,Railtracks,A. eremita,0,90,0,,,,,,,,,,,,,
5/31/19,Elephant,A. eremita,0,90,0,,,,,,,,,,,,,
5/31/19,Fishless,A. eremita,0,90,0,,,,,,,,,,,,,
5/31/19,Railtracks,A. eremita,0,90,0,,,,,,,,,,,,,
6/3/19,Elephant,A. eremita,0,90,0,,,,,,,,,,,,,
6/3/19,Fishless,A. eremita,0,90,0,,,,,,,,,,,,,
6/3/19,Railtracks,A. eremita,0,90,0,,,,,,,,,,,,,
6/5/19,Elephant,A. eremita,0,90,0,,,,,,,,,,,,,
6/5/19,Fishless,A. eremita,0,90,0,,,,,,,,,,,,,
6/5/19,Railtracks,A. eremita,0,90,0,,,,,,,,,,,,,
6/7/19,Elephant,A. eremita,0,60,0,,,,,,,,,,,,,
6/7/19,Fishless,A. eremita,0,60,0,,,,,,,,,,,,,
6/7/19,Railtracks,A. eremita,0,60,0,,,,,,,,,,,,,
6/10/19,Elephant,A. eremita,0,90,0,,,,,,,,,,,,,
6/10/19,Fishless,A. eremita,0,90,0,,,,,,,,,,,,,
6/10/19,Railtracks,A. eremita,0,90,0,,,,,,,,,,,,,
6/12/19,Elephant,A. eremita,0,90,0,,,,,,,,,,,,,
6/12/19,Fishless,A. eremita,0,90,0,,,,,,,,,,,,,
6/12/19,Railtracks,A. eremita,0,90,0,,,,,,,,,,,,,
6/14/19,Elephant,A. eremita,0,90,0,,,,,,,,,,,,,
6/14/19,Fishless,A. eremita,0,90,0,,,,,,,,,,,,,
6/14/19,Railtracks,A. eremita,0,90,0,,,,,,,,,,,,,
6/16/19,Elephant,A. eremita,0,90,0,,,,,,,,,,,,,
6/16/19,Fishless,A. eremita,0,90,0,,,,,,,,,,,,,
6/16/19,Railtracks,A. eremita,0,90,0,,,,,,,,,,,,,
6/19/19,Elephant,A. eremita,0,90,0,,,,,,,,,,,,,
6/19/19,Fishless,A. eremita,0,90,0,,,,,,,,,,,,,
6/19/19,Railtracks,A. eremita,0,90,0,,,,,,,,,,,,,
6/21/19,Elephant,A. eremita,0,90,0,,,,,,,,,,,,,
6/21/19,Fishless,A. eremita,0,90,0,,,,,,,,,,,,,
6/21/19,Railtracks,A. eremita,0,90,0,,,,,,,,,,,,,
6/24/19,Elephant,A. eremita,0,90,0,,,,,,,,,,,,,
6/24/19,Fishless,A. eremita,0,90,0,,,,,,,,,,,,,
6/24/19,Railtracks,A. eremita,0,90,0,,,,,,,,,,,,,
6/26/19,Elephant,A. eremita,0,90,0,,,,,,,,,,,,,
6/26/19,Fishless,A. eremita,0,90,0,,,,,,,,,,,,,
6/26/19,Railtracks,A. eremita,0,90,0,,,,,,,,,,,,,
6/28/19,Elephant,A. eremita,0,90,0,,,,,,,,,,,,,
6/28/19,Fishless,A. eremita,0,90,0,,,,,,,,,,,,,
6/28/19,Railtracks,A. eremita,0,90,0,,,,,,,,,,,,,
7/1/19,Elephant,A. eremita,0,90,0,,,,,,,,,,,,,
7/1/19,Fishless,A. eremita,0,90,0,,,,,,,,,,,,,
7/1/19,Railtracks,A. eremita,0,90,0,,,,,,,,,,,,,
7/3/19,Elephant,A. eremita,0,90,0,,,,,,,,,,,,,
7/3/19,Fishless,A. eremita,0,90,0,,,,,,,,,,,,,
7/3/19,Railtracks,A. eremita,0,90,0,,,,,,,,,,,,,
7/7/19,Elephant,A. eremita,0,90,0,,,,,,,,,,,,,
7/7/19,Fishless,A. eremita,0,90,0,,,,,,,,,,,,,
7/7/19,Railtracks,A. eremita,0,90,0,,,,,,,,,,,,,
7/9/19,Elephant,A. eremita,0,90,0,,,,,,,,,,,,,
7/9/19,Fishless,A. eremita,0,90,0,,,,,,,,,,,,,
7/9/19,Railtracks,A. eremita,0,90,0,,,,,,,,,,,,,
7/10/19,Elephant,A. eremita,0,90,0,,,,,,,,,,,,,
7/10/19,Fishless,A. eremita,0,90,0,,,,,,,,,,,,,
7/10/19,Railtracks,A. eremita,0,90,0,,,,,,,,,,,,,
7/12/19,Elephant,A. eremita,0,90,0,,,,,,,,,,,,,
7/12/19,Fishless,A. eremita,0,90,0,,,,,,,,,,,,,
7/12/19,Railtracks,A. eremita,0,90,0,,,,,,,,,,,,,
7/15/19,Elephant,A. eremita,0,90,0,,,,,,,,,,,,,
7/15/19,Fishless,A. eremita,0,90,0,,,,,,,,,,,,,
7/15/19,Railtracks,A. eremita,0,90,0,,,,,,,,,,,,,
7/17/19,Elephant,A. eremita,0,90,0,,,,,,,,,,,,,
7/17/19,Fishless,A. eremita,0,90,0,,,,,,,,,,,,,
7/17/19,Railtracks,A. eremita,0,90,0,,,,,,,,,,,,,
7/19/19,Elephant,A. eremita,0,90,0,,,,,,,,,,,,,
7/19/19,Fishless,A. eremita,0,90,0,,,,,,,,,,,,,
7/19/19,Railtracks,A. eremita,0,90,0,,,,,,,,,,,,,
7/22/19,Elephant,A. eremita,0,90,0,,,,,,,,,,,,,
7/22/19,Fishless,A. eremita,0,90,0,,,,,,,,,,,,,
7/22/19,Railtracks,A. eremita,0,90,0,,,,,,,,,,,,,
7/25/19,Elephant,A. eremita,0,90,0,,,,,,,,,,,,,
7/25/19,Fishless,A. eremita,0,90,0,,,,,,,,,,,,,
7/25/19,Railtracks,A. eremita,0,90,0,,,,,,,,,,,,,
7/26/19,Elephant,A. eremita,0,90,0,,,,,,,,,,,,,
7/26/19,Fishless,A. eremita,0,90,0,,,,,,,,,,,,,
7/26/19,Railtracks,A. eremita,0,90,0,,,,,,,,,,,,,
7/29/19,Elephant,A. eremita,0,60,0,,,,,,,,,,,,,
7/29/19,Fishless,A. eremita,0,60,0,,,,,,,,,,,,,
7/29/19,Railtracks,A. eremita,0,60,0,,,,,,,,,,,,,
7/31/19,Elephant,A. eremita,0,90,0,,,,,,,,,,,,,
7/31/19,Fishless,A. eremita,0,90,0,,,,,,,,,,,,,
7/31/19,Railtracks,A. eremita,0,90,0,,,,,,,,,,,,,
8/2/19,Elephant,A. eremita,0,90,0,,,,,,,,,,,,,
8/2/19,Fishless,A. eremita,0,90,0,,,,,,,,,,,,,
8/2/19,Railtracks,A. eremita,0,90,0,,,,,,,,,,,,,
8/5/19,Elephant,A. eremita,0,0,#DIV/0!,,,,,,,,,,,,,
8/5/19,Fishless,A. eremita,0,90,0,,,,,,,,,,,,,
8/5/19,Railtracks,A. eremita,0,0,#DIV/0!,,,,,,,,,,,,,
8/7/19,Elephant,A. eremita,0,130,0,,,,,,,,,,,,,
8/7/19,Fishless,A. eremita,0,90,0,,,,,,,,,,,,,
8/7/19,Railtracks,A. eremita,0,130,0,,,,,,,,,,,,,
8/9/19,Elephant,A. eremita,0,90,0,,,,,,,,,,,,,
8/9/19,Fishless,A. eremita,0,90,0,,,,,,,,,,,,,
8/9/19,Railtracks,A. eremita,0,90,0,,,,,,,,,,,,,
8/12/19,Elephant,A. eremita,0,90,0,,,,,,,,,,,,,
8/12/19,Fishless,A. eremita,0,90,0,,,,,,,,,,,,,
8/12/19,Railtracks,A. eremita,0,90,0,,,,,,,,,,,,,
8/14/19,Elephant,A. eremita,0,90,0,,,,,,,,,,,,,
8/14/19,Fishless,A. eremita,0,90,0,,,,,,,,,,,,,
8/14/19,Railtracks,A. eremita,0,90,0,,,,,,,,,,,,,
8/16/19,Elephant,A. eremita,0,90,0,,,,,,,,,,,,,
8/16/19,Fishless,A. eremita,0,90,0,,,,,,,,,,,,,
8/16/19,Railtracks,A. eremita,0,90,0,,,,,,,,,,,,,
8/19/19,Elephant,A. eremita,0,90,0,,,,,,,,,,,,,
8/19/19,Fishless,A. eremita,1,90,0.011111111,,,,,,,,,,,,,
8/19/19,Railtracks,A. eremita,0,90,0,,,,,,,,,,,,,
8/21/19,Elephant,A. eremita,0,90,0,,,,,,,,,,,,,
8/21/19,Fishless,A. eremita,0,90,0,,,,,,,,,,,,,
8/21/19,Railtracks,A. eremita,0,90,0,,,,,,,,,,,,,
8/23/19,Elephant,A. eremita,0,90,0,,,,,,,,,,,,,
8/23/19,Fishless,A. eremita,0,90,0,,,,,,,,,,,,,
8/23/19,Railtracks,A. eremita,0,90,0,,,,,,,,,,,,,
5/21/18,Elephant,A. junius,0,120,0,,,,,,,,,,,,,
5/21/18,Fishless,A. junius,0,70,0,,,,,,,,,,,,,
5/21/18,Railtracks,A. junius,0,120,0,,,,,,,,,,,,,
5/22/18,Elephant,A. junius,0,120,0,,,,,,,,,,,,,
5/22/18,Fishless,A. junius,0,70,0,,,,,,,,,,,,,
5/22/18,Railtracks,A. junius,0,60,0,,,,,,,,,,,,,
5/23/18,Elephant,A. junius,0,60,0,,,,,,,,,,,,,
5/23/18,Fishless,A. junius,0,60,0,,,,,,,,,,,,,
5/23/18,Railtracks,A. junius,0,60,0,,,,,,,,,,,,,
5/25/18,Elephant,A. junius,0,120,0,,,,,,,,,,,,,
5/25/18,Fishless,A. junius,0,120,0,,,,,,,,,,,,,
5/25/18,Railtracks,A. junius,0,120,0,,,,,,,,,,,,,
5/29/18,Elephant,A. junius,0,60,0,,,,,,,,,,,,,
5/29/18,Fishless,A. junius,0,120,0,,,,,,,,,,,,,
5/29/18,Railtracks,A. junius,0,120,0,,,,,,,,,,,,,
5/31/18,Elephant,A. junius,0,120,0,,,,,,,,,,,,,
5/31/18,Fishless,A. junius,0,120,0,,,,,,,,,,,,,
5/31/18,Railtracks,A. junius,0,120,0,,,,,,,,,,,,,
6/1/18,Elephant,A. junius,0,120,0,,,,,,,,,,,,,
6/1/18,Fishless,A. junius,0,120,0,,,,,,,,,,,,,
6/1/18,Railtracks,A. junius,0,120,0,,,,,,,,,,,,,
6/4/18,Elephant,A. junius,0,120,0,,,,,,,,,,,,,
6/4/18,Fishless,A. junius,0,120,0,,,,,,,,,,,,,
6/4/18,Railtracks,A. junius,0,120,0,,,,,,,,,,,,,
6/5/18,Elephant,A. junius,0,120,0,,,,,,,,,,,,,
6/5/18,Fishless,A. junius,0,120,0,,,,,,,,,,,,,
6/5/18,Railtracks,A. junius,0,120,0,,,,,,,,,,,,,
6/7/18,Elephant,A. junius,0,120,0,,,,,,,,,,,,,
6/7/18,Fishless,A. junius,0,120,0,,,,,,,,,,,,,
6/7/18,Railtracks,A. junius,0,120,0,,,,,,,,,,,,,
6/11/18,Elephant,A. junius,0,120,0,,,,,,,,,,,,,
6/11/18,Fishless,A. junius,0,120,0,,,,,,,,,,,,,
6/11/18,Railtracks,A. junius,0,120,0,,,,,,,,,,,,,
6/13/18,Elephant,A. junius,0,24,0,,,,,,,,,,,,,
6/13/18,Fishless,A. junius,ND,0,#VALUE!,,,,,,,,,,,,,
6/13/18,Railtracks,A. junius,ND,0,#VALUE!,,,,,,,,,,,,,
6/14/18,Elephant,A. junius,0,66,0,,,,,,,,,,,,,
6/14/18,Fishless,A. junius,0,90,0,,,,,,,,,,,,,
6/14/18,Railtracks,A. junius,0,90,0,,,,,,,,,,,,,
6/15/18,Elephant,A. junius,0,60,0,,,,,,,,,,,,,
6/15/18,Fishless,A. junius,0,60,0,,,,,,,,,,,,,
6/15/18,Railtracks,A. junius,0,60,0,,,,,,,,,,,,,
6/19/18,Elephant,A. junius,0,90,0,,,,,,,,,,,,,
6/19/18,Fishless,A. junius,0,120,0,,,,,,,,,,,,,
6/19/18,Railtracks,A. junius,0,90,0,,,,,,,,,,,,,
6/21/18,Elephant,A. junius,0,90,0,,,,,,,,,,,,,
6/21/18,Fishless,A. junius,0,90,0,,,,,,,,,,,,,
6/21/18,Railtracks,A. junius,0,90,0,,,,,,,,,,,,,
6/22/18,Elephant,A. junius,0,90,0,,,,,,,,,,,,,
6/22/18,Fishless,A. junius,1,90,0.011111111,,,,,,,,,,,,,
6/22/18,Railtracks,A. junius,0,90,0,,,,,,,,,,,,,
6/25/18,Elephant,A. junius,0,90,0,,,,,,,,,,,,,
6/25/18,Fishless,A. junius,1,90,0.011111111,,,,,,,,,,,,,
6/25/18,Railtracks,A. junius,0,90,0,,,,,,,,,,,,,
6/27/18,Elephant,A. junius,0,90,0,,,,,,,,,,,,,
6/27/18,Fishless,A. junius,0,90,0,,,,,,,,,,,,,
6/27/18,Railtracks,A. junius,0,90,0,,,,,,,,,,,,,
7/2/18,Elephant,A. junius,0,90,0,,,,,,,,,,,,,
7/2/18,Fishless,A. junius,0,90,0,,,,,,,,,,,,,
7/2/18,Railtracks,A. junius,0,90,0,,,,,,,,,,,,,
7/3/18,Elephant,A. junius,6,90,0.066666667,,,,,,,,,,,,,
7/3/18,Fishless,A. junius,0,90,0,,,,,,,,,,,,,
7/3/18,Railtracks,A. junius,2,90,0.022222222,,,,,,,,,,,,,
7/6/18,Elephant,A. junius,0,90,0,,,,,,,,,,,,,
7/6/18,Fishless,A. junius,0,90,0,,,,,,,,,,,,,
7/6/18,Railtracks,A. junius,0,90,0,,,,,,,,,,,,,
7/9/18,Elephant,A. junius,0,90,0,,,,,,,,,,,,,
7/9/18,Fishless,A. junius,15,90,0.166666667,,,,,,,,,,,,,
7/9/18,Railtracks,A. junius,0,90,0,,,,,,,,,,,,,
7/11/18,Elephant,A. junius,3,90,0.033333333,,,,,,,,,,,,,
7/11/18,Fishless,A. junius,58,90,0.644444444,,,,,,,,,,,,,
7/11/18,Railtracks,A. junius,0,90,0,,,,,,,,,,,,,
7/13/18,Elephant,A. junius,11,90,0.122222222,,,,,,,,,,,,,
7/13/18,Fishless,A. junius,151,90,1.677777778,,,,,,,,,,,,,
7/13/18,Railtracks,A. junius,30,90,0.333333333,,,,,,,,,,,,,
7/16/18,Elephant,A. junius,51,90,0.566666667,,,,,,,,,,,,,
7/16/18,Fishless,A. junius,242,90,2.688888889,,,,,,,,,,,,,
7/16/18,Railtracks,A. junius,0,90,0,,,,,,,,,,,,,
7/18/18,Elephant,A. junius,74,90,0.822222222,,,,,,,,,,,,,
7/18/18,Fishless,A. junius,251,90,2.788888889,,,,,,,,,,,,,
7/18/18,Railtracks,A. junius,11,90,0.122222222,,,,,,,,,,,,,
7/23/18,Elephant,A. junius,236,90,2.622222222,,,,,,,,,,,,,
7/23/18,Fishless,A. junius,299, ,#VALUE!,,,,,,,,,,,,,
7/23/18,Railtracks,A. junius,22,90,0.244444444,,,,,,,,,,,,,
7/26/18,Elephant,A. junius,180,90,2,,,,,,,,,,,,,
7/26/18,Fishless,A. junius,269,90,2.988888889,,,,,,,,,,,,,
7/26/18,Railtracks,A. junius,21,90,0.233333333,,,,,,,,,,,,,
7/27/18,Elephant,A. junius,129,90,1.433333333,,,,,,,,,,,,,
7/27/18,Fishless,A. junius,242,90,2.688888889,,,,,,,,,,,,,
7/27/18,Railtracks,A. junius,19,90,0.211111111,,,,,,,,,,,,,
7/31/18,Elephant,A. junius,ND,ND,#VALUE!,,,,,,,,,,,,,
7/31/18,Fishless,A. junius,282,90,3.133333333,,,,,,,,,,,,,
7/31/18,Railtracks,A. junius,ND,ND,#VALUE!,,,,,,,,,,,,,
8/1/18,Elephant,A. junius,215,90,2.388888889,,,,,,,,,,,,,
8/1/18,Fishless,A. junius,45,15,3,,,,,,,,,,,,,
8/1/18,Railtracks,A. junius,24,90,0.266666667,,,,,,,,,,,,,
8/6/18,Elephant,A. junius,105,90,1.166666667,,,,,,,,,,,,,
8/6/18,Fishless,A. junius,195,90,2.166666667,,,,,,,,,,,,,
8/6/18,Railtracks,A. junius,13,90,0.144444444,,,,,,,,,,,,,
8/8/18,Elephant,A. junius,125,90,1.388888889,,,,,,,,,,,,,
8/8/18,Fishless,A. junius,170,90,1.888888889,,,,,,,,,,,,,
8/8/18,Railtracks,A. junius,8,90,0.088888889,,,,,,,,,,,,,
8/13/18,Elephant,A. junius,130,90,1.444444444,,,,,,,,,,,,,
8/13/18,Fishless,A. junius,248,90,2.755555556,,,,,,,,,,,,,
8/13/18,Railtracks,A. junius,21,90,0.233333333,,,,,,,,,,,,,
8/15/18,Elephant,A. junius,131,90,1.455555556,,,,,,,,,,,,,
8/15/18,Fishless,A. junius,292,90,3.244444444,,,,,,,,,,,,,
8/15/18,Railtracks,A. junius,25,90,0.277777778,,,,,,,,,,,,,
8/21/18,Elephant,A. junius,166,90,1.844444444,,,,,,,,,,,,,
8/21/18,Fishless,A. junius,224,90,2.488888889,,,,,,,,,,,,,
8/21/18,Railtracks,A. junius,21,90,0.233333333,,,,,,,,,,,,,
8/23/18,Elephant,A. junius,47,45,1.044444444,,,,,,,,,,,,,
8/23/18,Fishless,A. junius,119,90,1.322222222,,,,,,,,,,,,,
8/23/18,Railtracks,A. junius,5,90,0.055555556,,,,,,,,,,,,,
5/16/19,Elephant,A. junius,0,90,0,,,,,,,,,,,,,
5/16/19,Fishless,A. junius,0,90,0,,,,,,,,,,,,,
5/16/19,Railtracks,A. junius,0,90,0,,,,,,,,,,,,,
5/22/19,Elephant,A. junius,0,90,0,,,,,,,,,,,,,
5/22/19,Fishless,A. junius,0,90,0,,,,,,,,,,,,,
5/22/19,Railtracks,A. junius,0,90,0,,,,,,,,,,,,,
5/24/19,Elephant,A. junius,0,90,0,,,,,,,,,,,,,
5/24/19,Fishless,A. junius,0,90,0,,,,,,,,,,,,,
5/24/19,Railtracks,A. junius,0,90,0,,,,,,,,,,,,,
5/29/19,Elephant,A. junius,0,90,0,,,,,,,,,,,,,
5/29/19,Fishless,A. junius,0,90,0,,,,,,,,,,,,,
5/29/19,Railtracks,A. junius,0,90,0,,,,,,,,,,,,,
5/30/19,Elephant,A. junius,0,90,0,,,,,,,,,,,,,
5/30/19,Fishless,A. junius,0,90,0,,,,,,,,,,,,,
5/30/19,Railtracks,A. junius,0,90,0,,,,,,,,,,,,,
5/31/19,Elephant,A. junius,0,90,0,,,,,,,,,,,,,
5/31/19,Fishless,A. junius,0,90,0,,,,,,,,,,,,,
5/31/19,Railtracks,A. junius,0,90,0,,,,,,,,,,,,,
6/3/19,Elephant,A. junius,0,90,0,,,,,,,,,,,,,
6/3/19,Fishless,A. junius,0,90,0,,,,,,,,,,,,,
6/3/19,Railtracks,A. junius,0,90,0,,,,,,,,,,,,,
6/5/19,Elephant,A. junius,0,90,0,,,,,,,,,,,,,
6/5/19,Fishless,A. junius,0,90,0,,,,,,,,,,,,,
6/5/19,Railtracks,A. junius,0,90,0,,,,,,,,,,,,,
6/7/19,Elephant,A. junius,0,60,0,,,,,,,,,,,,,
6/7/19,Fishless,A. junius,0,60,0,,,,,,,,,,,,,
6/7/19,Railtracks,A. junius,0,60,0,,,,,,,,,,,,,
6/10/19,Elephant,A. junius,0,90,0,,,,,,,,,,,,,
6/10/19,Fishless,A. junius,0,90,0,,,,,,,,,,,,,
6/10/19,Railtracks,A. junius,0,90,0,,,,,,,,,,,,,
6/12/19,Elephant,A. junius,0,90,0,,,,,,,,,,,,,
6/12/19,Fishless,A. junius,0,90,0,,,,,,,,,,,,,
6/12/19,Railtracks,A. junius,0,90,0,,,,,,,,,,,,,
6/14/19,Elephant,A. junius,0,90,0,,,,,,,,,,,,,
6/14/19,Fishless,A. junius,0,90,0,,,,,,,,,,,,,
6/14/19,Railtracks,A. junius,0,90,0,,,,,,,,,,,,,
6/16/19,Elephant,A. junius,0,90,0,,,,,,,,,,,,,
6/16/19,Fishless,A. junius,0,90,0,,,,,,,,,,,,,
6/16/19,Railtracks,A. junius,0,90,0,,,,,,,,,,,,,
6/19/19,Elephant,A. junius,0,90,0,,,,,,,,,,,,,
6/19/19,Fishless,A. junius,0,90,0,,,,,,,,,,,,,
6/19/19,Railtracks,A. junius,0,90,0,,,,,,,,,,,,,
6/21/19,Elephant,A. junius,0,90,0,,,,,,,,,,,,,
6/21/19,Fishless,A. junius,0,90,0,,,,,,,,,,,,,
6/21/19,Railtracks,A. junius,0,90,0,,,,,,,,,,,,,
6/24/19,Elephant,A. junius,0,90,0,,,,,,,,,,,,,
6/24/19,Fishless,A. junius,0,90,0,,,,,,,,,,,,,
6/24/19,Railtracks,A. junius,0,90,0,,,,,,,,,,,,,
6/26/19,Elephant,A. junius,0,90,0,,,,,,,,,,,,,
6/26/19,Fishless,A. junius,0,90,0,,,,,,,,,,,,,
6/26/19,Railtracks,A. junius,0,90,0,,,,,,,,,,,,,
6/28/19,Elephant,A. junius,0,90,0,,,,,,,,,,,,,
6/28/19,Fishless,A. junius,0,90,0,,,,,,,,,,,,,
6/28/19,Railtracks,A. junius,0,90,0,,,,,,,,,,,,,
7/1/19,Elephant,A. junius,0,90,0,,,,,,,,,,,,,
7/1/19,Fishless,A. junius,0,90,0,,,,,,,,,,,,,
7/1/19,Railtracks,A. junius,0,90,0,,,,,,,,,,,,,
7/3/19,Elephant,A. junius,0,90,0,,,,,,,,,,,,,
7/3/19,Fishless,A. junius,0,90,0,,,,,,,,,,,,,
7/3/19,Railtracks,A. junius,0,90,0,,,,,,,,,,,,,
7/7/19,Elephant,A. junius,0,90,0,,,,,,,,,,,,,
7/7/19,Fishless,A. junius,0,90,0,,,,,,,,,,,,,
7/7/19,Railtracks,A. junius,0,90,0,,,,,,,,,,,,,
7/9/19,Elephant,A. junius,0,90,0,,,,,,,,,,,,,
7/9/19,Fishless,A. junius,0,90,0,,,,,,,,,,,,,
7/9/19,Railtracks,A. junius,0,90,0,,,,,,,,,,,,,
7/10/19,Elephant,A. junius,0,90,0,,,,,,,,,,,,,
7/10/19,Fishless,A. junius,0,90,0,,,,,,,,,,,,,
7/10/19,Railtracks,A. junius,0,90,0,,,,,,,,,,,,,
7/12/19,Elephant,A. junius,0,90,0,,,,,,,,,,,,,
7/12/19,Fishless,A. junius,0,90,0,,,,,,,,,,,,,
7/12/19,Railtracks,A. junius,0,90,0,,,,,,,,,,,,,
7/15/19,Elephant,A. junius,0,90,0,,,,,,,,,,,,,
7/15/19,Fishless,A. junius,0,90,0,,,,,,,,,,,,,
7/15/19,Railtracks,A. junius,0,90,0,,,,,,,,,,,,,
7/17/19,Elephant,A. junius,0,90,0,,,,,,,,,,,,,
7/17/19,Fishless,A. junius,12,90,0.133333333,,,,,,,,,,,,,
7/17/19,Railtracks,A. junius,0,90,0,,,,,,,,,,,,,
7/19/19,Elephant,A. junius,2,90,0.022222222,,,,,,,,,,,,,
7/19/19,Fishless,A. junius,60,90,0.666666667,,,,,,,,,,,,,
7/19/19,Railtracks,A. junius,0,90,0,,,,,,,,,,,,,
7/22/19,Elephant,A. junius,4,90,0.044444444,,,,,,,,,,,,,
7/22/19,Fishless,A. junius,171,90,1.9,,,,,,,,,,,,,
7/22/19,Railtracks,A. junius,5,90,0.055555556,,,,,,,,,,,,,
7/25/19,Elephant,A. junius,31,90,0.344444444,,,,,,,,,,,,,
7/25/19,Fishless,A. junius,180,90,2,,,,,,,,,,,,,
7/25/19,Railtracks,A. junius,43,90,0.477777778,,,,,,,,,,,,,
7/26/19,Elephant,A. junius,20,90,0.222222222,,,,,,,,,,,,,
7/26/19,Fishless,A. junius,149,90,1.655555556,,,,,,,,,,,,,
7/26/19,Railtracks,A. junius,44,90,0.488888889,,,,,,,,,,,,,
7/29/19,Elephant,A. junius,82,60,1.366666667,,,,,,,,,,,,,
7/29/19,Fishless,A. junius,240,60,4,,,,,,,,,,,,,
7/29/19,Railtracks,A. junius,130,60,2.166666667,,,,,,,,,,,,,
7/31/19,Elephant,A. junius,50,90,0.555555556,,,,,,,,,,,,,
7/31/19,Fishless,A. junius,177,90,1.966666667,,,,,,,,,,,,,
7/31/19,Railtracks,A. junius,99,90,1.1,,,,,,,,,,,,,
8/2/19,Elephant,A. junius,89,90,0.988888889,,,,,,,,,,,,,
8/2/19,Fishless,A. junius,184,90,2.044444444,,,,,,,,,,,,,
8/2/19,Railtracks,A. junius,131,90,1.455555556,,,,,,,,,,,,,
8/5/19,Elephant,A. junius,0,0,#DIV/0!,,,,,,,,,,,,,
8/5/19,Fishless,A. junius,226,90,2.511111111,,,,,,,,,,,,,
8/5/19,Railtracks,A. junius,0,0,#DIV/0!,,,,,,,,,,,,,
8/7/19,Elephant,A. junius,163,130,1.253846154,,,,,,,,,,,,,
8/7/19,Fishless,A. junius,185,90,2.055555556,,,,,,,,,,,,,
8/7/19,Railtracks,A. junius,203,130,1.561538462,,,,,,,,,,,,,
8/9/19,Elephant,A. junius,77,90,0.855555556,,,,,,,,,,,,,
8/9/19,Fishless,A. junius,86,90,0.955555556,,,,,,,,,,,,,
8/9/19,Railtracks,A. junius,79,90,0.877777778,,,,,,,,,,,,,
8/12/19,Elephant,A. junius,99,90,1.1,,,,,,,,,,,,,
8/12/19,Fishless,A. junius,173,90,1.922222222,,,,,,,,,,,,,
8/12/19,Railtracks,A. junius,91,90,1.011111111,,,,,,,,,,,,,
8/14/19,Elephant,A. junius,86,90,0.955555556,,,,,,,,,,,,,
8/14/19,Fishless,A. junius,124,90,1.377777778,,,,,,,,,,,,,
8/14/19,Railtracks,A. junius,62,90,0.688888889,,,,,,,,,,,,,
8/16/19,Elephant,A. junius,99,90,1.1,,,,,,,,,,,,,
8/16/19,Fishless,A. junius,81,90,0.9,,,,,,,,,,,,,
8/16/19,Railtracks,A. junius,54,90,0.6,,,,,,,,,,,,,
8/19/19,Elephant,A. junius,65,90,0.722222222,,,,,,,,,,,,,
8/19/19,Fishless,A. junius,91,90,1.011111111,,,,,,,,,,,,,
8/19/19,Railtracks,A. junius,46,90,0.511111111,,,,,,,,,,,,,
8/21/19,Elephant,A. junius,98,90,1.088888889,,,,,,,,,,,,,
8/21/19,Fishless,A. junius,128,90,1.422222222,,,,,,,,,,,,,
8/21/19,Railtracks,A. junius,64,90,0.711111111,,,,,,,,,,,,,
8/23/19,Elephant,A. junius,134,90,1.488888889,,,,,,,,,,,,,
8/23/19,Fishless,A. junius,89,90,0.988888889,,,,,,,,,,,,,
8/23/19,Railtracks,A. junius,65,90,0.722222222,,,,,,,,,,,,,
5/21/18,Elephant,A. tuberculifera,0,120,0,,,,,,,,,,,,,
5/21/18,Fishless,A. tuberculifera,0,70,0,,,,,,,,,,,,,
5/21/18,Railtracks,A. tuberculifera,0,120,0,,,,,,,,,,,,,
5/22/18,Elephant,A. tuberculifera,0,120,0,,,,,,,,,,,,,
5/22/18,Fishless,A. tuberculifera,0,70,0,,,,,,,,,,,,,
5/22/18,Railtracks,A. tuberculifera,0,60,0,,,,,,,,,,,,,
5/23/18,Elephant,A. tuberculifera,0,60,0,,,,,,,,,,,,,
5/23/18,Fishless,A. tuberculifera,0,60,0,,,,,,,,,,,,,
5/23/18,Railtracks,A. tuberculifera,0,60,0,,,,,,,,,,,,,
5/25/18,Elephant,A. tuberculifera,0,120,0,,,,,,,,,,,,,
5/25/18,Fishless,A. tuberculifera,0,120,0,,,,,,,,,,,,,
5/25/18,Railtracks,A. tuberculifera,0,120,0,,,,,,,,,,,,,
5/29/18,Elephant,A. tuberculifera,0,60,0,,,,,,,,,,,,,
5/29/18,Fishless,A. tuberculifera,0,120,0,,,,,,,,,,,,,
5/29/18,Railtracks,A. tuberculifera,0,120,0,,,,,,,,,,,,,
5/31/18,Elephant,A. tuberculifera,0,120,0,,,,,,,,,,,,,
5/31/18,Fishless,A. tuberculifera,0,120,0,,,,,,,,,,,,,
5/31/18,Railtracks,A. tuberculifera,0,120,0,,,,,,,,,,,,,
6/1/18,Elephant,A. tuberculifera,0,120,0,,,,,,,,,,,,,
6/1/18,Fishless,A. tuberculifera,0,120,0,,,,,,,,,,,,,
6/1/18,Railtracks,A. tuberculifera,0,120,0,,,,,,,,,,,,,
6/4/18,Elephant,A. tuberculifera,0,120,0,,,,,,,,,,,,,
6/4/18,Fishless,A. tuberculifera,0,120,0,,,,,,,,,,,,,
6/4/18,Railtracks,A. tuberculifera,0,120,0,,,,,,,,,,,,,
6/5/18,Elephant,A. tuberculifera,0,120,0,,,,,,,,,,,,,
6/5/18,Fishless,A. tuberculifera,0,120,0,,,,,,,,,,,,,
6/5/18,Railtracks,A. tuberculifera,0,120,0,,,,,,,,,,,,,
6/7/18,Elephant,A. tuberculifera,0,120,0,,,,,,,,,,,,,
6/7/18,Fishless,A. tuberculifera,0,120,0,,,,,,,,,,,,,
6/7/18,Railtracks,A. tuberculifera,0,120,0,,,,,,,,,,,,,
6/11/18,Elephant,A. tuberculifera,0,120,0,,,,,,,,,,,,,
6/11/18,Fishless,A. tuberculifera,0,120,0,,,,,,,,,,,,,
6/11/18,Railtracks,A. tuberculifera,0,120,0,,,,,,,,,,,,,
6/13/18,Elephant,A. tuberculifera,0,24,0,,,,,,,,,,,,,
6/13/18,Fishless,A. tuberculifera,ND,0,#VALUE!,,,,,,,,,,,,,
6/13/18,Railtracks,A. tuberculifera,ND,0,#VALUE!,,,,,,,,,,,,,
6/14/18,Elephant,A. tuberculifera,0,66,0,,,,,,,,,,,,,
6/14/18,Fishless,A. tuberculifera,0,90,0,,,,,,,,,,,,,
6/14/18,Railtracks,A. tuberculifera,1,90,0.011111111,,,,,,,,,,,,,
6/15/18,Elephant,A. tuberculifera,0,60,0,,,,,,,,,,,,,
6/15/18,Fishless,A. tuberculifera,0,60,0,,,,,,,,,,,,,
6/15/18,Railtracks,A. tuberculifera,0,60,0,,,,,,,,,,,,,
6/19/18,Elephant,A. tuberculifera,7,90,0.077777778,,,,,,,,,,,,,
6/19/18,Fishless,A. tuberculifera,9,120,0.075,,,,,,,,,,,,,
6/19/18,Railtracks,A. tuberculifera,53,90,0.588888889,,,,,,,,,,,,,
6/21/18,Elephant,A. tuberculifera,19,90,0.211111111,,,,,,,,,,,,,
6/21/18,Fishless,A. tuberculifera,17,90,0.188888889,,,,,,,,,,,,,
6/21/18,Railtracks,A. tuberculifera,25,90,0.277777778,,,,,,,,,,,,,
6/22/18,Elephant,A. tuberculifera,39,90,0.433333333,,,,,,,,,,,,,
6/22/18,Fishless,A. tuberculifera,24,90,0.266666667,,,,,,,,,,,,,
6/22/18,Railtracks,A. tuberculifera,35,90,0.388888889,,,,,,,,,,,,,
6/25/18,Elephant,A. tuberculifera,49,90,0.544444444,,,,,,,,,,,,,
6/25/18,Fishless,A. tuberculifera,37,90,0.411111111,,,,,,,,,,,,,
6/25/18,Railtracks,A. tuberculifera,92,90,1.022222222,,,,,,,,,,,,,
6/27/18,Elephant,A. tuberculifera,61,90,0.677777778,,,,,,,,,,,,,
6/27/18,Fishless,A. tuberculifera,69,90,0.766666667,,,,,,,,,,,,,
6/27/18,Railtracks,A. tuberculifera,75,90,0.833333333,,,,,,,,,,,,,
7/2/18,Elephant,A. tuberculifera,85,90,0.944444444,,,,,,,,,,,,,
7/2/18,Fishless,A. tuberculifera,47,90,0.522222222,,,,,,,,,,,,,
7/2/18,Railtracks,A. tuberculifera,71,90,0.788888889,,,,,,,,,,,,,
7/3/18,Elephant,A. tuberculifera,30,90,0.333333333,,,,,,,,,,,,,
7/3/18,Fishless,A. tuberculifera,18,90,0.2,,,,,,,,,,,,,
7/3/18,Railtracks,A. tuberculifera,37,90,0.411111111,,,,,,,,,,,,,
7/6/18,Elephant,A. tuberculifera,70,90,0.777777778,,,,,,,,,,,,,
7/6/18,Fishless,A. tuberculifera,33,90,0.366666667,,,,,,,,,,,,,
7/6/18,Railtracks,A. tuberculifera,89,90,0.988888889,,,,,,,,,,,,,
7/9/18,Elephant,A. tuberculifera,76,90,0.844444444,,,,,,,,,,,,,
7/9/18,Fishless,A. tuberculifera,99,90,1.1,,,,,,,,,,,,,
7/9/18,Railtracks,A. tuberculifera,60,90,0.666666667,,,,,,,,,,,,,
7/11/18,Elephant,A. tuberculifera,80,90,0.888888889,,,,,,,,,,,,,
7/11/18,Fishless,A. tuberculifera,52,90,0.577777778,,,,,,,,,,,,,
7/11/18,Railtracks,A. tuberculifera,56,90,0.622222222,,,,,,,,,,,,,
7/13/18,Elephant,A. tuberculifera,97,90,1.077777778,,,,,,,,,,,,,
7/13/18,Fishless,A. tuberculifera,35,90,0.388888889,,,,,,,,,,,,,
7/13/18,Railtracks,A. tuberculifera,129,90,1.433333333,,,,,,,,,,,,,
7/16/18,Elephant,A. tuberculifera,50,90,0.555555556,,,,,,,,,,,,,
7/16/18,Fishless,A. tuberculifera,63,90,0.7,,,,,,,,,,,,,
7/16/18,Railtracks,A. tuberculifera,93,90,1.033333333,,,,,,,,,,,,,
7/18/18,Elephant,A. tuberculifera,31,90,0.344444444,,,,,,,,,,,,,
7/18/18,Fishless,A. tuberculifera,28,90,0.311111111,,,,,,,,,,,,,
7/18/18,Railtracks,A. tuberculifera,176,90,1.955555556,,,,,,,,,,,,,
7/23/18,Elephant,A. tuberculifera,18,90,0.2,,,,,,,,,,,,,
7/23/18,Fishless,A. tuberculifera,20,90,0.222222222,,,,,,,,,,,,,
7/23/18,Railtracks,A. tuberculifera,57,90,0.633333333,,,,,,,,,,,,,
7/26/18,Elephant,A. tuberculifera,28,90,0.311111111,,,,,,,,,,,,,
7/26/18,Fishless,A. tuberculifera,20,90,0.222222222,,,,,,,,,,,,,
7/26/18,Railtracks,A. tuberculifera,102,90,1.133333333,,,,,,,,,,,,,
7/27/18,Elephant,A. tuberculifera,10,90,0.111111111,,,,,,,,,,,,,
7/27/18,Fishless,A. tuberculifera,19,90,0.211111111,,,,,,,,,,,,,
7/27/18,Railtracks,A. tuberculifera,27,90,0.3,,,,,,,,,,,,,
7/31/18,Elephant,A. tuberculifera,ND,ND,#VALUE!,,,,,,,,,,,,,
7/31/18,Fishless,A. tuberculifera,17,90,0.188888889,,,,,,,,,,,,,
7/31/18,Railtracks,A. tuberculifera,ND,ND,#VALUE!,,,,,,,,,,,,,
8/1/18,Elephant,A. tuberculifera,3,90,0.033333333,,,,,,,,,,,,,
8/1/18,Fishless,A. tuberculifera,1,15,0.066666667,,,,,,,,,,,,,
8/1/18,Railtracks,A. tuberculifera,80,90,0.888888889,,,,,,,,,,,,,
8/6/18,Elephant,A. tuberculifera,3,90,0.033333333,,,,,,,,,,,,,
8/6/18,Fishless,A. tuberculifera,4,90,0.044444444,,,,,,,,,,,,,
8/6/18,Railtracks,A. tuberculifera,23,90,0.255555556,,,,,,,,,,,,,
8/8/18,Elephant,A. tuberculifera,0,90,0,,,,,,,,,,,,,
8/8/18,Fishless,A. tuberculifera,4,90,0.044444444,,,,,,,,,,,,,
8/8/18,Railtracks,A. tuberculifera,15,90,0.166666667,,,,,,,,,,,,,
8/13/18,Elephant,A. tuberculifera,1,90,0.011111111,,,,,,,,,,,,,
8/13/18,Fishless,A. tuberculifera,1,90,0.011111111,,,,,,,,,,,,,
8/13/18,Railtracks,A. tuberculifera,7,90,0.077777778,,,,,,,,,,,,,
8/15/18,Elephant,A. tuberculifera,3,90,0.033333333,,,,,,,,,,,,,
8/15/18,Fishless,A. tuberculifera,3,90,0.033333333,,,,,,,,,,,,,
8/15/18,Railtracks,A. tuberculifera,3,90,0.033333333,,,,,,,,,,,,,
8/21/18,Elephant,A. tuberculifera,2,90,0.022222222,,,,,,,,,,,,,
8/21/18,Fishless,A. tuberculifera,3,90,0.033333333,,,,,,,,,,,,,
8/21/18,Railtracks,A. tuberculifera,8,90,0.088888889,,,,,,,,,,,,,
8/23/18,Elephant,A. tuberculifera,0,45,0,,,,,,,,,,,,,
8/23/18,Fishless,A. tuberculifera,0,90,0,,,,,,,,,,,,,
8/23/18,Railtracks,A. tuberculifera,5,90,0.055555556,,,,,,,,,,,,,
5/16/19,Elephant,A. tuberculifera,0,90,0,,,,,,,,,,,,,
5/16/19,Fishless,A. tuberculifera,0,90,0,,,,,,,,,,,,,
5/16/19,Railtracks,A. tuberculifera,0,90,0,,,,,,,,,,,,,
5/22/19,Elephant,A. tuberculifera,0,90,0,,,,,,,,,,,,,
5/22/19,Fishless,A. tuberculifera,0,90,0,,,,,,,,,,,,,
5/22/19,Railtracks,A. tuberculifera,0,90,0,,,,,,,,,,,,,
5/24/19,Elephant,A. tuberculifera,0,90,0,,,,,,,,,,,,,
5/24/19,Fishless,A. tuberculifera,0,90,0,,,,,,,,,,,,,
5/24/19,Railtracks,A. tuberculifera,0,90,0,,,,,,,,,,,,,
5/29/19,Elephant,A. tuberculifera,0,90,0,,,,,,,,,,,,,
5/29/19,Fishless,A. tuberculifera,0,90,0,,,,,,,,,,,,,
5/29/19,Railtracks,A. tuberculifera,0,90,0,,,,,,,,,,,,,
5/30/19,Elephant,A. tuberculifera,0,90,0,,,,,,,,,,,,,
5/30/19,Fishless,A. tuberculifera,0,90,0,,,,,,,,,,,,,
5/30/19,Railtracks,A. tuberculifera,0,90,0,,,,,,,,,,,,,
5/31/19,Elephant,A. tuberculifera,0,90,0,,,,,,,,,,,,,
5/31/19,Fishless,A. tuberculifera,0,90,0,,,,,,,,,,,,,
5/31/19,Railtracks,A. tuberculifera,0,90,0,,,,,,,,,,,,,
6/3/19,Elephant,A. tuberculifera,0,90,0,,,,,,,,,,,,,
6/3/19,Fishless,A. tuberculifera,0,90,0,,,,,,,,,,,,,
6/3/19,Railtracks,A. tuberculifera,0,90,0,,,,,,,,,,,,,
6/5/19,Elephant,A. tuberculifera,0,90,0,,,,,,,,,,,,,
6/5/19,Fishless,A. tuberculifera,0,90,0,,,,,,,,,,,,,
6/5/19,Railtracks,A. tuberculifera,0,90,0,,,,,,,,,,,,,
6/7/19,Elephant,A. tuberculifera,0,60,0,,,,,,,,,,,,,
6/7/19,Fishless,A. tuberculifera,0,60,0,,,,,,,,,,,,,
6/7/19,Railtracks,A. tuberculifera,0,60,0,,,,,,,,,,,,,
6/10/19,Elephant,A. tuberculifera,0,90,0,,,,,,,,,,,,,
6/10/19,Fishless,A. tuberculifera,0,90,0,,,,,,,,,,,,,
6/10/19,Railtracks,A. tuberculifera,0,90,0,,,,,,,,,,,,,
6/12/19,Elephant,A. tuberculifera,0,90,0,,,,,,,,,,,,,
6/12/19,Fishless,A. tuberculifera,0,90,0,,,,,,,,,,,,,
6/12/19,Railtracks,A. tuberculifera,0,90,0,,,,,,,,,,,,,
6/14/19,Elephant,A. tuberculifera,0,90,0,,,,,,,,,,,,,
6/14/19,Fishless,A. tuberculifera,0,90,0,,,,,,,,,,,,,
6/14/19,Railtracks,A. tuberculifera,0,90,0,,,,,,,,,,,,,
6/16/19,Elephant,A. tuberculifera,0,90,0,,,,,,,,,,,,,
6/16/19,Fishless,A. tuberculifera,0,90,0,,,,,,,,,,,,,
6/16/19,Railtracks,A. tuberculifera,0,90,0,,,,,,,,,,,,,
6/19/19,Elephant,A. tuberculifera,0,90,0,,,,,,,,,,,,,
6/19/19,Fishless,A. tuberculifera,0,90,0,,,,,,,,,,,,,
6/19/19,Railtracks,A. tuberculifera,0,90,0,,,,,,,,,,,,,
6/21/19,Elephant,A. tuberculifera,0,90,0,,,,,,,,,,,,,
6/21/19,Fishless,A. tuberculifera,1,90,0.011111111,,,,,,,,,,,,,
6/21/19,Railtracks,A. tuberculifera,0,90,0,,,,,,,,,,,,,
6/24/19,Elephant,A. tuberculifera,1,90,0.011111111,,,,,,,,,,,,,
6/24/19,Fishless,A. tuberculifera,4,90,0.044444444,,,,,,,,,,,,,
6/24/19,Railtracks,A. tuberculifera,5,90,0.055555556,,,,,,,,,,,,,
6/26/19,Elephant,A. tuberculifera,3,90,0.033333333,,,,,,,,,,,,,
6/26/19,Fishless,A. tuberculifera,4,90,0.044444444,,,,,,,,,,,,,
6/26/19,Railtracks,A. tuberculifera,1,90,0.011111111,,,,,,,,,,,,,
6/28/19,Elephant,A. tuberculifera,6,90,0.066666667,,,,,,,,,,,,,
6/28/19,Fishless,A. tuberculifera,11,90,0.122222222,,,,,,,,,,,,,
6/28/19,Railtracks,A. tuberculifera,8,90,0.088888889,,,,,,,,,,,,,
7/1/19,Elephant,A. tuberculifera,14,90,0.155555556,,,,,,,,,,,,,
7/1/19,Fishless,A. tuberculifera,10,90,0.111111111,,,,,,,,,,,,,
7/1/19,Railtracks,A. tuberculifera,39,90,0.433333333,,,,,,,,,,,,,
7/3/19,Elephant,A. tuberculifera,27,90,0.3,,,,,,,,,,,,,
7/3/19,Fishless,A. tuberculifera,45,90,0.5,,,,,,,,,,,,,
7/3/19,Railtracks,A. tuberculifera,38,90,0.422222222,,,,,,,,,,,,,
7/7/19,Elephant,A. tuberculifera,198,90,2.2,,,,,,,,,,,,,
7/7/19,Fishless,A. tuberculifera,70,90,0.777777778,,,,,,,,,,,,,
7/7/19,Railtracks,A. tuberculifera,166,90,1.844444444,,,,,,,,,,,,,
7/9/19,Elephant,A. tuberculifera,193,90,2.144444444,,,,,,,,,,,,,
7/9/19,Fishless,A. tuberculifera,91,90,1.011111111,,,,,,,,,,,,,
7/9/19,Railtracks,A. tuberculifera,198,90,2.2,,,,,,,,,,,,,
7/10/19,Elephant,A. tuberculifera,66,90,0.733333333,,,,,,,,,,,,,
7/10/19,Fishless,A. tuberculifera,115,90,1.277777778,,,,,,,,,,,,,
7/10/19,Railtracks,A. tuberculifera,264,90,2.933333333,,,,,,,,,,,,,
7/12/19,Elephant,A. tuberculifera,139,90,1.544444444,,,,,,,,,,,,,
7/12/19,Fishless,A. tuberculifera,71,90,0.788888889,,,,,,,,,,,,,
7/12/19,Railtracks,A. tuberculifera,110,90,1.222222222,,,,,,,,,,,,,
7/15/19,Elephant,A. tuberculifera,130,90,1.444444444,,,,,,,,,,,,,
7/15/19,Fishless,A. tuberculifera,102,90,1.133333333,,,,,,,,,,,,,
7/15/19,Railtracks,A. tuberculifera,105,90,1.166666667,,,,,,,,,,,,,
7/17/19,Elephant,A. tuberculifera,190,90,2.111111111,,,,,,,,,,,,,
7/17/19,Fishless,A. tuberculifera,80,90,0.888888889,,,,,,,,,,,,,
7/17/19,Railtracks,A. tuberculifera,79,90,0.877777778,,,,,,,,,,,,,
7/19/19,Elephant,A. tuberculifera,199,90,2.211111111,,,,,,,,,,,,,
7/19/19,Fishless,A. tuberculifera,94,90,1.044444444,,,,,,,,,,,,,
7/19/19,Railtracks,A. tuberculifera,90,90,1,,,,,,,,,,,,,
7/22/19,Elephant,A. tuberculifera,103,90,1.144444444,,,,,,,,,,,,,
7/22/19,Fishless,A. tuberculifera,49,90,0.544444444,,,,,,,,,,,,,
7/22/19,Railtracks,A. tuberculifera,29,90,0.322222222,,,,,,,,,,,,,
7/25/19,Elephant,A. tuberculifera,93,90,1.033333333,,,,,,,,,,,,,
7/25/19,Fishless,A. tuberculifera,33,90,0.366666667,,,,,,,,,,,,,
7/25/19,Railtracks,A. tuberculifera,34,90,0.377777778,,,,,,,,,,,,,
7/26/19,Elephant,A. tuberculifera,69,90,0.766666667,,,,,,,,,,,,,
7/26/19,Fishless,A. tuberculifera,33,90,0.366666667,,,,,,,,,,,,,
7/26/19,Railtracks,A. tuberculifera,19,90,0.211111111,,,,,,,,,,,,,
7/29/19,Elephant,A. tuberculifera,24,60,0.4,,,,,,,,,,,,,
7/29/19,Fishless,A. tuberculifera,33,60,0.55,,,,,,,,,,,,,
7/29/19,Railtracks,A. tuberculifera,21,60,0.35,,,,,,,,,,,,,
7/31/19,Elephant,A. tuberculifera,28,90,0.311111111,,,,,,,,,,,,,
7/31/19,Fishless,A. tuberculifera,33,90,0.366666667,,,,,,,,,,,,,
7/31/19,Railtracks,A. tuberculifera,8,90,0.088888889,,,,,,,,,,,,,
8/2/19,Elephant,A. tuberculifera,54,90,0.6,,,,,,,,,,,,,
8/2/19,Fishless,A. tuberculifera,20,90,0.222222222,,,,,,,,,,,,,
8/2/19,Railtracks,A. tuberculifera,5,90,0.055555556,,,,,,,,,,,,,
8/5/19,Elephant,A. tuberculifera,0,0,#DIV/0!,,,,,,,,,,,,,
8/5/19,Fishless,A. tuberculifera,22,90,0.244444444,,,,,,,,,,,,,
8/5/19,Railtracks,A. tuberculifera,0,0,#DIV/0!,,,,,,,,,,,,,
8/7/19,Elephant,A. tuberculifera,26,130,0.2,,,,,,,,,,,,,
8/7/19,Fishless,A. tuberculifera,25,90,0.277777778,,,,,,,,,,,,,
8/7/19,Railtracks,A. tuberculifera,7,130,0.053846154,,,,,,,,,,,,,
8/9/19,Elephant,A. tuberculifera,13,90,0.144444444,,,,,,,,,,,,,
8/9/19,Fishless,A. tuberculifera,18,90,0.2,,,,,,,,,,,,,
8/9/19,Railtracks,A. tuberculifera,1,90,0.011111111,,,,,,,,,,,,,
8/12/19,Elephant,A. tuberculifera,10,90,0.111111111,,,,,,,,,,,,,
8/12/19,Fishless,A. tuberculifera,14,90,0.155555556,,,,,,,,,,,,,
8/12/19,Railtracks,A. tuberculifera,2,90,0.022222222,,,,,,,,,,,,,
8/14/19,Elephant,A. tuberculifera,5,90,0.055555556,,,,,,,,,,,,,
8/14/19,Fishless,A. tuberculifera,11,90,0.122222222,,,,,,,,,,,,,
8/14/19,Railtracks,A. tuberculifera,0,90,0,,,,,,,,,,,,,
8/16/19,Elephant,A. tuberculifera,2,90,0.022222222,,,,,,,,,,,,,
8/16/19,Fishless,A. tuberculifera,7,90,0.077777778,,,,,,,,,,,,,
8/16/19,Railtracks,A. tuberculifera,0,90,0,,,,,,,,,,,,,
8/19/19,Elephant,A. tuberculifera,0,90,0,,,,,,,,,,,,,
8/19/19,Fishless,A. tuberculifera,9,90,0.1,,,,,,,,,,,,,
8/19/19,Railtracks,A. tuberculifera,0,90,0,,,,,,,,,,,,,
8/21/19,Elephant,A. tuberculifera,4,90,0.044444444,,,,,,,,,,,,,
8/21/19,Fishless,A. tuberculifera,4,90,0.044444444,,,,,,,,,,,,,
8/21/19,Railtracks,A. tuberculifera,0,90,0,,,,,,,,,,,,,
8/23/19,Elephant,A. tuberculifera,1,90,0.011111111,,,,,,,,,,,,,
8/23/19,Fishless,A. tuberculifera,1,90,0.011111111,,,,,,,,,,,,,
8/23/19,Railtracks,A. tuberculifera,1,90,0.011111111,,,,,,,,,,,,,